Reference;Typlogy;Code level;Period;High;Vulnerability class;mhu DS1 [g];mhu DS2 [g];mhu DS3 [g];mhu DS4 [g];mhu DS5 [g];beta DS1 [-];beta DS2 [-];beta DS3 [-];beta DS4 [-];beta DS5 [-];
Donà et al.;Mechanical;-;-;-;A;0.042;0.0746;0.1204;0.1943;0.3449;0.511;0.5331;0.5278;0.5332;0.512;
Donà et al.;Mechanical;-;-;-;B;0.0693;0.123;0.1986;0.3209;0.5822;0.5111;0.5331;0.5279;0.5358;0.571;
Donà et al.;Mechanical;-;-;-;C;0.1144;0.203;0.3278;0.5305;0.9707;0.5111;0.5331;0.5285;0.5411;0.5859;
Donà et al.;Mechanical;-;-;-;D;0.1887;0.3349;0.5408;0.8732;1.5693;0.511;0.5331;0.5288;0.5384;0.5715;
Donà et al.;Mechanical;-;-;-;E;0.3112;0.5517;0.8883;1.4173;2.452;0.5092;0.5293;0.523;0.5257;0.5448;
Donà et al.;Mechanical;-;-;-;F;0.5088;0.8934;1.4175;2.1972;2.3782;0.4881;0.506;0.4984;0.4951;0.5358;
Donà et al.;Mechanical;-;Pre-1919;MR;-;0.0741;0.1315;0.2123;0.343;0.6215;0.7414;0.7671;0.7759;0.7736;0.809;
Donà et al.;Mechanical;-;Pre-1919;LR;-;0.0973;0.1726;0.2787;0.4507;0.8217;0.6929;0.7084;0.7192;0.7499;0.7936;
Donà et al.;Mechanical;-;1919–1945;MR;-;0.0854;0.1516;0.2447;0.3955;0.7168;0.7293;0.7431;0.7479;0.77;0.8204;
Donà et al.;Mechanical;-;1919–1945;LR;-;0.1076;0.1908;0.3082;0.4988;0.914;0.7388;0.7533;0.7474;0.7563;0.7924;
Donà et al.;Mechanical;-;1946–1960;MR;-;0.1409;0.2501;0.4039;0.6526;1.184;0.7489;0.778;0.7789;0.7975;0.7452;
Donà et al.;Mechanical;-;1946–1960;LR;-;0.1613;0.2862;0.4625;0.7496;1.366;0.7651;0.7791;0.7818;0.8015;0.6933;
Donà et al.;Mechanical;-;1961–1980;MR;-;0.1689;0.2996;0.4842;0.7855;1.435;0.677;0.707;0.7388;0.7875;0.6997;
Donà et al.;Mechanical;-;1961–1980;LR;-;0.2067;0.3669;0.5913;0.9499;1.693;0.7366;0.7367;0.7069;0.6916;0.6764;
Donà et al.;Mechanical;-;Post-1980;MR;-;0.2301;0.4083;0.658;1.055;1.869;0.6945;0.712;0.6874;0.624;0.5982;
Donà et al.;Mechanical;-;Post-1980;LR;-;0.3098;0.5492;0.8849;1.416;2.47;0.7918;0.7429;0.7393;0.678;0.6132;
Lagomarsino et al.;Heuristic;-;-;-;A;0.047;0.128;0.26;0.526;1.424;0.9;0.9;0.9;0.9;0.9;
Lagomarsino et al.;Heuristic;-;-;-;B;0.087;0.202;0.368;0.671;1.561;0.77;0.77;0.77;0.77;0.77;
Lagomarsino et al.;Heuristic;-;-;-;C;0.159;0.319;0.522;0.855;1.712;0.64;0.64;0.64;0.64;0.64;
Lagomarsino et al.;Heuristic;-;-;-;D;0.293;0.504;0.741;1.09;1.877;0.51;0.51;0.51;0.51;0.51;
Rosti et al.;Empirical;-;< 1919;LH;-;0.154;0.228;0.276;0.377;0.656;0.856;0.856;0.856;0.856;0.856;
Rosti et al.;Empirical;-;< 1919;MH;-;0.13;0.189;0.227;0.309;0.579;0.826;0.826;0.826;0.826;0.826;
Rosti et al.;Empirical;-;1919-1945;LH;-;0.198;0.317;0.382;0.561;0.983;0.905;0.905;0.905;0.905;0.905;
Rosti et al.;Empirical;-;1919-1945;MH;-;0.162;0.28;0.351;0.524;0.88;0.866;0.866;0.866;0.866;0.866;
Rosti et al.;Empirical;-;1946-1961;LH;-;0.283;0.52;0.684;1.023;1.876;1.023;1.023;1.023;1.023;1.023;
Rosti et al.;Empirical;-;1946-1961;MH;-;0.216;0.396;0.516;0.73;1.238;0.916;0.916;0.916;0.916;0.916;
Rosti et al.;Empirical;-;1962-1971;LH;-;0.437;0.972;1.301;1.956;3.071;1.141;1.141;1.141;1.141;1.141;
Rosti et al.;Empirical;-;1962-1971;MH;-;0.326;0.738;1.004;1.516;2.228;1.051;1.051;1.051;1.051;1.051;
Rosti et al.;Empirical;-;1972-1981;LH;-;0.553;1.365;1.973;2.705;4.934;1.134;1.134;1.134;1.134;1.134;
Rosti et al.;Empirical;-;1972-1981;MH;-;0.467;1.145;1.472;2.04;3.551;1.084;1.084;1.084;1.084;1.084;
Rosti et al.;Empirical;-;> 1981;LH;-;0.626;1.292;1.56;2.081;3.809;1.175;1.175;1.175;1.175;1.175;
Rosti et al.;Empirical;-;> 1981;MH;-;0.49;1.034;1.271;1.68;2.854;1.098;1.098;1.098;1.098;1.098;
Rosti et al.;Empirical;-;-;LH;A;0.116;0.185;0.261;0.346;0.583;0.754;0.754;0.754;0.754;0.754;
Rosti et al.;Empirical;-;-;MH;A;0.113;0.176;0.226;0.314;0.584;0.821;0.821;0.821;0.821;0.821;
Rosti et al.;Empirical;-;-;LH;B;0.23;0.509;0.664;0.988;1.727;1.029;1.029;1.029;1.029;1.029;
Rosti et al.;Empirical;-;-;MH;B;0.174;0.331;0.426;0.624;1.212;0.997;0.997;0.997;0.997;0.997;
Rosti et al.;Empirical;-;-;LH;C1;0.484;1.35;1.928;2.742;4.707;1.222;1.222;1.222;1.222;1.222;
Rosti et al.;Empirical;-;-;MH;C1;0.418;1.073;1.444;2.118;3.818;1.199;1.199;1.199;1.199;1.199;
Zuccaro et al.;Empirical;-;-;-;A;0.065874754;0.152590106;0.269820056;0.532591801;1.072508181;1.05;1.05;1.05;1.05;1.05;
Zuccaro et al.;Empirical;-;-;-;B;0.145148198;0.280831622;0.453844795;0.771051586;1.221402758;0.9;0.9;0.9;0.9;0.9;
Zuccaro et al.;Empirical;-;-;-;C;0.283654026;0.618783392;0.794533603;1.296930087;2.270499838;0.8;0.8;0.8;0.8;0.8;
