Code level;Period;High;Infill;ID;mhu DS1 [g];mhu DS2 [g];mhu DS3 [g];mhu DS4 [g];mhu DS5 [g];beta demand [-];beta tot [-];
GLD;pre-1970;LR;BF;GLD_pre-1970_LR_BF;0.14;0.20;0.32;0.51;0.81;0.32;0.59;
GLD;pre-1970;LR;IF;GLD_pre-1970_LR_IF;0.15;0.30;0.46;0.65;0.81;0.29;0.58;
GLD;pre-1970;LR;PF;GLD_pre-1970_LR_PF;0.11;0.15;0.35;0.44;0.61;0.34;0.61;
GLD;pre-1970;MR;BF;GLD_pre-1970_MR_BF;0.12;0.17;0.21;0.31;0.57;0.40;0.64;
GLD;pre-1970;MR;IF;GLD_pre-1970_MR_IF;0.15;0.19;0.33;0.40;0.68;0.33;0.60;
GLD;pre-1970;MR;PF;GLD_pre-1970_MR_PF;0.12;0.16;0.22;0.35;0.48;0.43;0.66;
GLD;pre-1970;HR;BF;GLD_pre-1970_HR_BF;0.12;0.19;0.20;0.33;0.47;0.44;0.66;
GLD;pre-1970;HR;IF;GLD_pre-1970_HR_IF;0.11;0.16;0.32;0.40;0.46;0.36;0.62;
GLD;pre-1970;HR;PF;GLD_pre-1970_HR_PF;0.11;0.15;0.19;0.29;0.38;0.44;0.61;
GLD;1970-1990;LR;BF;GLD_1970-1990_LR_BF;0.13;0.22;0.40;0.60;0.83;0.31;0.59;
GLD;1970-1990;LR;IF;GLD_1970-1990_LR_IF;0.17;0.30;0.47;0.70;0.89;0.29;0.58;
GLD;1970-1990;LR;PF;GLD_1970-1990_LR_PF;0.11;0.18;0.35;0.55;0.82;0.30;0.58;
GLD;1970-1990;MR;BF;GLD_1970-1990_MR_BF;0.11;0.19;0.24;0.45;0.72;0.40;0.64;
GLD;1970-1990;MR;IF;GLD_1970-1990_MR_IF;0.15;0.20;0.37;0.46;0.73;0.34;0.60;
GLD;1970-1990;MR;PF;GLD_1970-1990_MR_PF;0.11;0.18;0.26;0.42;0.65;0.44;0.67;
GLD;1970-1990;HR;BF;GLD_1970-1990_HR_BF;0.12;0.19;0.25;0.46;0.68;0.39;0.64;
GLD;1970-1990;HR;IF;GLD_1970-1990_HR_IF;0.13;0.19;0.35;0.46;0.69;0.37;0.62;
GLD;1970-1990;HR;PF;GLD_1970-1990_HR_PF;0.11;0.16;0.20;0.37;0.45;0.45;0.61;
GLD;post-1991;LR;BF;GLD_post-1991_LR_BF;0.13;0.20;0.42;0.73;0.98;0.34;0.61;
GLD;post-1991;LR;IF;GLD_post-1991_LR_IF;0.22;0.37;0.60;0.75;1.03;0.29;0.58;
GLD;post-1991;LR;PF;GLD_post-1991_LR_PF;0.12;0.18;0.37;0.69;1.01;0.33;0.60;
GLD;post-1991;MR;BF;GLD_post-1991_MR_BF;0.11;0.18;0.30;0.57;0.93;0.41;0.65;
GLD;post-1991;MR;IF;GLD_post-1991_MR_IF;0.15;0.25;0.40;0.63;0.97;0.33;0.60;
GLD;post-1991;MR;PF;GLD_post-1991_MR_PF;0.11;0.19;0.27;0.57;0.81;0.36;0.62;
GLD;post-1991;HR;BF;GLD_post-1991_HR_BF;0.12;0.19;0.29;0.51;0.91;0.39;0.63;
GLD;post-1991;HR;IF;GLD_post-1991_HR_IF;0.15;0.23;0.36;0.56;0.88;0.39;0.64;
GLD;post-1991;HR;PF;GLD_post-1991_HR_PF;0.10;0.17;0.26;0.54;0.72;0.41;0.65;
ERD;pre-1970;LR;BF;ERD_pre-1970_LR_BF;0.12;0.27;0.49;0.72;0.93;0.28;0.55;
ERD;pre-1970;LR;IF;ERD_pre-1970_LR_IF;0.17;0.37;0.60;0.75;1.07;0.26;0.54;
ERD;pre-1970;LR;PF;ERD_pre-1970_LR_PF;0.12;0.24;0.43;0.66;0.90;0.28;0.55;
ERD;pre-1970;MR;BF;ERD_pre-1970_MR_BF;0.12;0.16;0.33;0.51;0.81;0.33;0.58;
ERD;pre-1970;MR;IF;ERD_pre-1970_MR_IF;0.14;0.26;0.39;0.64;0.93;0.30;0.56;
ERD;pre-1970;MR;PF;ERD_pre-1970_MR_PF;0.12;0.17;0.37;0.54;0.82;0.37;0.60;
ERD;pre-1970;HR;BF;ERD_pre-1970_HR_BF;0.12;0.18;0.31;0.51;0.87;0.36;0.59;
ERD;pre-1970;HR;IF;ERD_pre-1970_HR_IF;0.14;0.24;0.37;0.61;0.91;0.34;0.58;
ERD;pre-1970;HR;PF;ERD_pre-1970_HR_PF;0.12;0.16;0.30;0.46;0.78;0.40;0.62;
ERD;1970-1990;LR;BF;ERD_1970-1990_LR_BF;0.15;0.30;0.50;0.70;1.01;0.22;0.55;
ERD;1970-1990;LR;IF;ERD_1970-1990_LR_IF;0.21;0.41;0.63;0.81;1.18;0.29;0.55;
ERD;1970-1990;LR;PF;ERD_1970-1990_LR_PF;0.12;0.25;0.48;0.68;0.96;0.28;0.55;
ERD;1970-1990;MR;BF;ERD_1970-1990_MR_BF;0.13;0.18;0.34;0.60;0.98;0.36;0.59;
ERD;1970-1990;MR;IF;ERD_1970-1990_MR_IF;0.15;0.26;0.46;0.65;1.00;0.33;0.58;
ERD;1970-1990;MR;PF;ERD_1970-1990_MR_PF;0.12;0.17;0.40;0.60;0.87;0.35;0.59;
ERD;1970-1990;HR;BF;ERD_1970-1990_HR_BF;0.13;0.16;0.31;0.52;0.95;0.35;0.59;
ERD;1970-1990;HR;IF;ERD_1970-1990_HR_IF;0.14;0.25;0.38;0.65;0.96;0.36;0.59;
ERD;1970-1990;HR;PF;ERD_1970-1990_HR_PF;0.11;0.16;0.33;0.56;0.86;0.37;0.60;
ERD;post-1991;LR;BF;ERD_post-1991_LR_BF;0.15;0.33;0.55;0.82;1.20;0.33;0.57;
ERD;post-1991;LR;IF;ERD_post-1991_LR_IF;0.25;0.45;0.67;0.85;1.28;0.30;0.56;
ERD;post-1991;LR;PF;ERD_post-1991_LR_PF;0.12;0.29;0.50;0.75;1.09;0.32;0.57;
ERD;post-1991;MR;BF;ERD_post-1991_MR_BF;0.14;0.20;0.35;0.66;1.14;0.34;0.58;
ERD;post-1991;MR;IF;ERD_post-1991_MR_IF;0.16;0.26;0.53;0.73;1.14;0.29;0.56;
ERD;post-1991;MR;PF;ERD_post-1991_MR_PF;0.12;0.19;0.41;0.71;1.10;0.38;0.60;
ERD;post-1991;HR;BF;ERD_post-1991_HR_BF;0.13;0.18;0.32;0.72;1.03;0.39;0.61;
ERD;post-1991;HR;IF;ERD_post-1991_HR_IF;0.15;0.26;0.52;0.72;1.11;0.36;0.59;
ERD;post-1991;HR;PF;ERD_post-1991_HR_PF;0.12;0.17;0.39;0.70;1.02;0.37;0.60;
