Reference;Typlogy;Code level;Period;High;Infill;Vulnerability class;mhu DS1 [g];mhu DS2 [g];mhu DS3 [g];mhu DS4 [g];mhu DS5 [g];beta DS1 [-];beta DS2 [-];beta DS3 [-];beta DS4 [-];beta DS5 [-]
Manfredi et al.;Numerical;GLD;pre-1970;LR;BF;-;0.14;0.2;0.32;0.51;0.81;0.59;0.59;0.59;0.59;0.59
Manfredi et al.;Numerical;GLD;pre-1970;LR;IF;-;0.15;0.3;0.46;0.65;0.81;0.58;0.58;0.58;0.58;0.58
Manfredi et al.;Numerical;GLD;pre-1970;LR;PF;-;0.11;0.15;0.35;0.44;0.61;0.61;0.61;0.61;0.61;0.61
Manfredi et al.;Numerical;GLD;pre-1970;MR;BF;-;0.12;0.17;0.21;0.31;0.57;0.64;0.64;0.64;0.64;0.64
Manfredi et al.;Numerical;GLD;pre-1970;MR;IF;-;0.15;0.19;0.33;0.4;0.68;0.6;0.6;0.6;0.6;0.6
Manfredi et al.;Numerical;GLD;pre-1970;MR;PF;-;0.12;0.16;0.22;0.35;0.48;0.66;0.66;0.66;0.66;0.66
Manfredi et al.;Numerical;GLD;pre-1970;HR;BF;-;0.12;0.19;0.2;0.33;0.47;0.66;0.66;0.66;0.66;0.66
Manfredi et al.;Numerical;GLD;pre-1970;HR;IF;-;0.11;0.16;0.32;0.4;0.46;0.62;0.62;0.62;0.62;0.62
Manfredi et al.;Numerical;GLD;pre-1970;HR;PF;-;0.11;0.15;0.19;0.29;0.38;0.61;0.61;0.61;0.61;0.61
Manfredi et al.;Numerical;GLD;1970-1990;LR;BF;-;0.13;0.22;0.4;0.6;0.83;0.59;0.59;0.59;0.59;0.59
Manfredi et al.;Numerical;GLD;1970-1990;LR;IF;-;0.17;0.3;0.47;0.7;0.89;0.58;0.58;0.58;0.58;0.58
Manfredi et al.;Numerical;GLD;1970-1990;LR;PF;-;0.11;0.18;0.35;0.55;0.82;0.58;0.58;0.58;0.58;0.58
Manfredi et al.;Numerical;GLD;1970-1990;MR;BF;-;0.11;0.19;0.24;0.45;0.72;0.64;0.64;0.64;0.64;0.64
Manfredi et al.;Numerical;GLD;1970-1990;MR;IF;-;0.15;0.2;0.37;0.46;0.73;0.6;0.6;0.6;0.6;0.6
Manfredi et al.;Numerical;GLD;1970-1990;MR;PF;-;0.11;0.18;0.26;0.42;0.65;0.67;0.67;0.67;0.67;0.67
Manfredi et al.;Numerical;GLD;1970-1990;HR;BF;-;0.12;0.19;0.25;0.46;0.68;0.64;0.64;0.64;0.64;0.64
Manfredi et al.;Numerical;GLD;1970-1990;HR;IF;-;0.13;0.19;0.35;0.46;0.69;0.62;0.62;0.62;0.62;0.62
Manfredi et al.;Numerical;GLD;1970-1990;HR;PF;-;0.11;0.16;0.2;0.37;0.45;0.61;0.61;0.61;0.61;0.61
Manfredi et al.;Numerical;GLD;post-1991;LR;BF;-;0.13;0.2;0.42;0.73;0.98;0.61;0.61;0.61;0.61;0.61
Manfredi et al.;Numerical;GLD;post-1991;LR;IF;-;0.22;0.37;0.6;0.75;1.03;0.58;0.58;0.58;0.58;0.58
Manfredi et al.;Numerical;GLD;post-1991;LR;PF;-;0.12;0.18;0.37;0.69;1.01;0.6;0.6;0.6;0.6;0.6
Manfredi et al.;Numerical;GLD;post-1991;MR;BF;-;0.11;0.18;0.3;0.57;0.93;0.65;0.65;0.65;0.65;0.65
Manfredi et al.;Numerical;GLD;post-1991;MR;IF;-;0.15;0.25;0.4;0.63;0.97;0.6;0.6;0.6;0.6;0.6
Manfredi et al.;Numerical;GLD;post-1991;MR;PF;-;0.11;0.19;0.27;0.57;0.81;0.62;0.62;0.62;0.62;0.62
Manfredi et al.;Numerical;GLD;post-1991;HR;BF;-;0.12;0.19;0.29;0.51;0.91;0.63;0.63;0.63;0.63;0.63
Manfredi et al.;Numerical;GLD;post-1991;HR;IF;-;0.15;0.23;0.36;0.56;0.88;0.64;0.64;0.64;0.64;0.64
Manfredi et al.;Numerical;GLD;post-1991;HR;PF;-;0.1;0.17;0.26;0.54;0.72;0.65;0.65;0.65;0.65;0.65
Manfredi et al.;Numerical;ERD;pre-1970;LR;BF;-;0.12;0.27;0.49;0.72;0.93;0.55;0.55;0.55;0.55;0.55
Manfredi et al.;Numerical;ERD;pre-1970;LR;IF;-;0.17;0.37;0.6;0.75;1.07;0.54;0.54;0.54;0.54;0.54
Manfredi et al.;Numerical;ERD;pre-1970;LR;PF;-;0.12;0.24;0.43;0.66;0.9;0.55;0.55;0.55;0.55;0.55
Manfredi et al.;Numerical;ERD;pre-1970;MR;BF;-;0.12;0.16;0.33;0.51;0.81;0.58;0.58;0.58;0.58;0.58
Manfredi et al.;Numerical;ERD;pre-1970;MR;IF;-;0.14;0.26;0.39;0.64;0.93;0.56;0.56;0.56;0.56;0.56
Manfredi et al.;Numerical;ERD;pre-1970;MR;PF;-;0.12;0.17;0.37;0.54;0.82;0.6;0.6;0.6;0.6;0.6
Manfredi et al.;Numerical;ERD;pre-1970;HR;BF;-;0.12;0.18;0.31;0.51;0.87;0.59;0.59;0.59;0.59;0.59
Manfredi et al.;Numerical;ERD;pre-1970;HR;IF;-;0.14;0.24;0.37;0.61;0.91;0.58;0.58;0.58;0.58;0.58
Manfredi et al.;Numerical;ERD;pre-1970;HR;PF;-;0.12;0.16;0.3;0.46;0.78;0.62;0.62;0.62;0.62;0.62
Manfredi et al.;Numerical;ERD;1970-1990;LR;BF;-;0.15;0.3;0.5;0.7;1.01;0.55;0.55;0.55;0.55;0.55
Manfredi et al.;Numerical;ERD;1970-1990;LR;IF;-;0.21;0.41;0.63;0.81;1.18;0.55;0.55;0.55;0.55;0.55
Manfredi et al.;Numerical;ERD;1970-1990;LR;PF;-;0.12;0.25;0.48;0.68;0.96;0.55;0.55;0.55;0.55;0.55
Manfredi et al.;Numerical;ERD;1970-1990;MR;BF;-;0.13;0.18;0.34;0.6;0.98;0.59;0.59;0.59;0.59;0.59
Manfredi et al.;Numerical;ERD;1970-1990;MR;IF;-;0.15;0.26;0.46;0.65;1;0.58;0.58;0.58;0.58;0.58
Manfredi et al.;Numerical;ERD;1970-1990;MR;PF;-;0.12;0.17;0.4;0.6;0.87;0.59;0.59;0.59;0.59;0.59
Manfredi et al.;Numerical;ERD;1970-1990;HR;BF;-;0.13;0.16;0.31;0.52;0.95;0.59;0.59;0.59;0.59;0.59
Manfredi et al.;Numerical;ERD;1970-1990;HR;IF;-;0.14;0.25;0.38;0.65;0.96;0.59;0.59;0.59;0.59;0.59
Manfredi et al.;Numerical;ERD;1970-1990;HR;PF;-;0.11;0.16;0.33;0.56;0.86;0.6;0.6;0.6;0.6;0.6
Manfredi et al.;Numerical;ERD;post-1991;LR;BF;-;0.15;0.33;0.55;0.82;1.2;0.57;0.57;0.57;0.57;0.57
Manfredi et al.;Numerical;ERD;post-1991;LR;IF;-;0.25;0.45;0.67;0.85;1.28;0.56;0.56;0.56;0.56;0.56
Manfredi et al.;Numerical;ERD;post-1991;LR;PF;-;0.12;0.29;0.5;0.75;1.09;0.57;0.57;0.57;0.57;0.57
Manfredi et al.;Numerical;ERD;post-1991;MR;BF;-;0.14;0.2;0.35;0.66;1.14;0.58;0.58;0.58;0.58;0.58
Manfredi et al.;Numerical;ERD;post-1991;MR;IF;-;0.16;0.26;0.53;0.73;1.14;0.56;0.56;0.56;0.56;0.56
Manfredi et al.;Numerical;ERD;post-1991;MR;PF;-;0.12;0.19;0.41;0.71;1.1;0.6;0.6;0.6;0.6;0.6
Manfredi et al.;Numerical;ERD;post-1991;HR;BF;-;0.13;0.18;0.32;0.72;1.03;0.61;0.61;0.61;0.61;0.61
Manfredi et al.;Numerical;ERD;post-1991;HR;IF;-;0.15;0.26;0.52;0.72;1.11;0.59;0.59;0.59;0.59;0.59
Manfredi et al.;Numerical;ERD;post-1991;HR;PF;-;0.12;0.17;0.39;0.7;1.02;0.6;0.6;0.6;0.6;0.6
Rosti et al.;Empirical;GLD;-;LR;-;-;0.192;0.501;0.846;1.413;1.576;0.789;0.789;0.789;0.789;0.789
Rosti et al.;Empirical;GLD;-;MR;-;-;0.113;0.223;0.357;0.741;0.811;0.639;0.639;0.639;0.639;0.639
Rosti et al.;Empirical;GLD;-;HR;-;-;0.073;0.106;0.146;0.302;0.449;0.404;0.404;0.404;0.404;0.404
Rosti et al.;Empirical;ERD;pre-1981;LR;-;-;0.316;0.565;0.81;1.109;1.698;0.682;0.682;0.682;0.682;0.682
Rosti et al.;Empirical;ERD;pre-1981;MR;-;-;0.207;0.424;0.636;0.953;1.739;0.713;0.713;0.713;0.713;0.713
Rosti et al.;Empirical;ERD;pre-1981;HR;-;-;0.186;0.306;0.423;0.687;1.091;0.499;0.499;0.499;0.499;0.499
Rosti et al.;Empirical;ERD;post-1981;LR;-;-;0.422;1.163;1.822;3.024;4.458;0.951;0.951;0.951;0.951;0.951
Rosti et al.;Empirical;ERD;post-1981;MR;-;-;0.253;0.774;1.417;2.682;7.386;0.995;0.995;0.995;0.995;0.995
Rosti et al.;Empirical;ERD;post-1981;HR;-;-;0.183;0.351;0.598;1.129;1.196;0.531;0.531;0.531;0.531;0.531
Rosti et al.;Empirical;-;-;LR;-;C2;0.213;0.518;0.857;1.388;1.646;0.79;0.79;0.79;0.79;0.79
Rosti et al.;Empirical;-;-;MR;-;C2;0.126;0.25;0.397;0.806;0.931;0.693;0.693;0.693;0.693;0.693
Rosti et al.;Empirical;-;-;HR;-;C2;0.081;0.119;0.164;0.328;0.498;0.509;0.509;0.509;0.509;0.509
Rosti et al.;Empirical;-;-;LR;-;D;0.422;1.163;1.822;3.024;4.458;0.951;0.951;0.951;0.951;0.951
Rosti et al.;Empirical;-;-;MR;-;D;0.253;0.774;1.417;2.682;7.386;0.995;0.995;0.995;0.995;0.995
Rosti et al.;Empirical;-;-;HR;-;D;0.183;0.351;0.598;1.129;1.196;0.531;0.531;0.531;0.531;0.531